id,nome,sobrenome,email,data_cadastro
1,Vivia,Note,vnote0@fotki.com,27/06/2020
2,Edsel,Seamon,eseamon1@cocolog-nifty.com,01/11/2020
3,Domenic,Redbourn,dredbourn2@networkadvertising.org,11/09/2020
4,Toddy,Casson,tcasson3@123-reg.co.uk,23/05/2020
5,Marge,Sisland,msisland4@state.gov,18/03/2021
6,Adrienne,Klaaassen,aklaaassen5@alibaba.com,30/09/2020
7,Fancie,Muckleston,fmuckleston6@hexun.com,14/07/2020
8,Julio,Bondar,jbondar7@twitter.com,10/04/2021
9,Matthus,Delacroix,mdelacroix8@mlb.com,20/03/2021
10,Burnard,Paschek,bpaschek9@mapy.cz,01/11/2020
11,Calley,Brosch,cbroscha@xinhuanet.com,29/03/2021
12,Tommi,Lilbourne,tlilbourneb@fda.gov,18/08/2020
13,Law,Heaney`,lheaneyc@homestead.com,27/01/2021
14,Jecho,Marklow,jmarklowd@xinhuanet.com,04/09/2020
15,Rowena,Raubheim,rraubheime@epa.gov,13/05/2020
16,Wendel,Nibloe,wnibloef@epa.gov,30/05/2020
17,Shawna,Stein,ssteing@earthlink.net,17/07/2020
18,Cecily,Okill,cokillh@cargocollective.com,12/05/2020
19,Standford,Spiers,sspiersi@fc2.com,22/10/2020
20,Devonne,Gapper,dgapperj@nydailynews.com,01/02/2021
21,Ailis,Ashlin,aashlink@webeden.co.uk,08/02/2021
22,Christy,Sprigging,cspriggingl@ox.ac.uk,04/07/2020
23,Ekaterina,Garnul,egarnulm@home.pl,15/01/2021
24,Ted,Pulsford,tpulsfordn@t-online.de,24/01/2021
25,Barbara-anne,Cater,bcatero@netlog.com,03/12/2020
26,Cherie,Bowle,cbowlep@ftc.gov,12/05/2020
27,Gabie,Radeliffe,gradeliffeq@naver.com,19/06/2020
28,Karla,Reymers,kreymersr@msn.com,05/10/2020
29,Seana,Cleve,scleves@washington.edu,10/10/2020
30,Tiphany,Joska,tjoskat@xing.com,04/03/2021
31,Natalina,Colliford,ncollifordu@cbsnews.com,27/04/2021
32,Ardith,Olivi,aoliviv@amazon.com,09/12/2020
33,Birch,Longworth,blongworthw@g.co,23/07/2020
34,Kalle,Fiddyment,kfiddymentx@shop-pro.jp,22/07/2020
35,Edy,Domange,edomangey@nymag.com,09/04/2021
36,Claudie,Shellsheere,cshellsheerez@ovh.net,16/01/2021
37,Rice,Gibbs,rgibbs10@mayoclinic.com,20/07/2020
38,Weber,Celli,wcelli11@youtube.com,24/11/2020
39,Delmor,Bowich,dbowich12@tiny.cc,15/09/2020
40,Tobye,Petch,tpetch13@ebay.co.uk,22/05/2020
41,Leanor,McKomb,lmckomb14@earthlink.net,10/12/2020
42,Forbes,Dagwell,fdagwell15@spiegel.de,05/02/2021
43,Northrop,Biddles,nbiddles16@archive.org,18/07/2020
44,Marjorie,Rounce,mrounce17@pbs.org,27/10/2020
45,Jacquenetta,Novic,jnovic18@uiuc.edu,21/06/2020
46,Alessandro,Gibbin,agibbin19@alibaba.com,13/04/2021
47,Wilburt,Farries,wfarries1a@springer.com,14/03/2021
48,Ilario,O'Suaird,iosuaird1b@spotify.com,20/06/2020
49,Cosette,Cocks,ccocks1c@army.mil,13/02/2021
50,Marcy,Dennes,mdennes1d@bandcamp.com,03/05/2020
51,Ambrose,Menhenitt,amenhenitt1e@go.com,11/09/2020
52,Starr,Weed,sweed1f@storify.com,06/06/2020
53,Dianne,Balmadier,dbalmadier1g@tripod.com,13/08/2020
54,Titus,Searston,tsearston1h@foxnews.com,27/09/2020
55,Noam,Gniewosz,ngniewosz1i@mediafire.com,23/06/2020
56,Lizzie,Morforth,lmorforth1j@google.ca,14/04/2021
57,Thurstan,Kensett,tkensett1k@wisc.edu,31/12/2020
58,Eamon,Dukesbury,edukesbury1l@vkontakte.ru,31/07/2020
59,Nancie,Klemenz,nklemenz1m@imgur.com,17/12/2020
60,Sholom,Keyson,skeyson1n@aol.com,26/08/2020
61,Sax,Wooller,swooller1o@so-net.ne.jp,11/10/2020
62,Jard,Pre,jpre1p@opera.com,31/07/2020
63,Andriana,Vayne,avayne1q@slate.com,29/05/2020
64,Sibella,Queripel,squeripel1r@vkontakte.ru,10/08/2020
65,Claybourne,Rickford,crickford1s@cisco.com,31/01/2021
66,Dennison,Broschek,dbroschek1t@odnoklassniki.ru,18/09/2020
67,Anatole,MacCague,amaccague1u@blogtalkradio.com,25/02/2021
68,Granthem,Godard,ggodard1v@merriam-webster.com,11/10/2020
69,Nicolea,Roby,nroby1w@4shared.com,09/09/2020
70,Wolf,Eastlake,weastlake1x@goo.ne.jp,25/05/2020
71,Jennine,Blewis,jblewis1y@sphinn.com,29/05/2020
72,Val,Sames,vsames1z@reverbnation.com,29/10/2020
73,Doris,Featherstonhaugh,dfeatherstonhaugh20@wikipedia.org,06/11/2020
74,Kerwin,Brideoke,kbrideoke21@sogou.com,25/09/2020
75,Gerry,Dominka,gdominka22@usnews.com,12/01/2021
76,Gawen,White,gwhite23@themeforest.net,06/12/2020
77,Reyna,Shannon,rshannon24@google.pl,17/07/2020
78,Dwight,Tarbox,dtarbox25@google.com.au,30/07/2020
79,Johnna,Blaney,jblaney26@wufoo.com,17/09/2020
80,Gale,Hartup,ghartup27@sina.com.cn,30/03/2021
81,Knox,Peealess,kpeealess28@army.mil,02/03/2021
82,Lorenza,Groome,lgroome29@ask.com,09/11/2020
83,Blithe,Reams,breams2a@nih.gov,14/12/2020
84,Carlynne,Impey,cimpey2b@discovery.com,11/07/2020
85,Giovanna,Thome,gthome2c@google.co.uk,12/05/2020
86,Hank,Clelle,hclelle2d@msn.com,25/12/2020
87,Clemmy,De la Yglesias,cdelayglesias2e@spotify.com,11/06/2020
88,Mariana,Simeon,msimeon2f@samsung.com,19/09/2020
89,Gabriella,Winsome,gwinsome2g@bloomberg.com,23/12/2020
90,Beitris,Crafter,bcrafter2h@deviantart.com,21/11/2020
91,Marcelia,Verling,mverling2i@noaa.gov,31/10/2020
92,Lurette,Allsep,lallsep2j@wufoo.com,31/05/2020
93,Cass,McVittie,cmcvittie2k@about.com,03/05/2020
94,Nedi,Crabbe,ncrabbe2l@twitter.com,03/06/2020
95,Logan,Mc Queen,lmcqueen2m@elpais.com,28/10/2020
96,Christy,Roby,croby2n@wired.com,08/05/2020
97,Ham,MacTeggart,hmacteggart2o@diigo.com,08/09/2020
98,Mufi,Brideoke,mbrideoke2p@furl.net,12/11/2020
99,Rod,Haylor,rhaylor2q@techcrunch.com,21/01/2021
100,Adora,Baysting,abaysting2r@usatoday.com,09/05/2020
101,Vanda,Yule,vyule2s@gnu.org,05/09/2020
102,Chrisy,Morgan,cmorgan2t@i2i.jp,23/09/2020
103,Salomone,Raywood,sraywood2u@about.com,16/04/2021
104,Ulrick,Cobbing,ucobbing2v@bandcamp.com,28/07/2020
105,Timi,Rysdale,trysdale2w@bing.com,26/08/2020
106,Tiebold,Romayn,tromayn2x@shutterfly.com,28/02/2021
107,Bryna,Lowle,blowle2y@telegraph.co.uk,06/06/2020
108,Klaus,Bowick,kbowick2z@ed.gov,17/08/2020
109,Lutero,Hulle,lhulle30@canalblog.com,28/03/2021
110,Clevey,Pedrollo,cpedrollo31@usnews.com,26/03/2021
111,Orran,Dmitr,odmitr32@loc.gov,25/07/2020
112,Adler,Goodley,agoodley33@hhs.gov,10/10/2020
113,Ches,Folini,cfolini34@is.gd,11/09/2020
114,Tiler,Storms,tstorms35@wired.com,23/10/2020
115,Seamus,Phipson,sphipson36@zdnet.com,08/03/2021
116,Tiebold,Fairbrass,tfairbrass37@timesonline.co.uk,08/07/2020
117,Jolene,Fowley,jfowley38@utexas.edu,19/09/2020
118,Domenic,Reardon,dreardon39@imdb.com,21/01/2021
119,Nannie,McMoyer,nmcmoyer3a@dyndns.org,05/02/2021
120,Minor,Trevino,mtrevino3b@unc.edu,26/08/2020
121,Si,Bennis,sbennis3c@storify.com,30/01/2021
122,Harp,Fairnington,hfairnington3d@smh.com.au,16/11/2020
123,Teddie,Cattell,tcattell3e@scientificamerican.com,20/01/2021
124,Matthaeus,Trevarthen,mtrevarthen3f@who.int,20/02/2021
125,Emelen,Welford,ewelford3g@miibeian.gov.cn,11/11/2020
126,Marlo,Turfitt,mturfitt3h@linkedin.com,14/06/2020
127,Heath,Malim,hmalim3i@g.co,29/03/2021
128,Ann,Roux,aroux3j@intel.com,01/01/2021
129,Vinny,Pury,vpury3k@skyrock.com,12/05/2020
130,Florencia,Guarnier,fguarnier3l@bigcartel.com,30/01/2021
131,Currey,Oldland,coldland3m@cbsnews.com,13/08/2020
132,Malissa,Archbould,marchbould3n@google.nl,28/08/2020
133,Ninnetta,Lebbern,nlebbern3o@hostgator.com,28/09/2020
134,Sissy,Revington,srevington3p@hubpages.com,23/09/2020
135,Fran,Abelovitz,fabelovitz3q@admin.ch,28/02/2021
136,Archy,Mulford,amulford3r@w3.org,08/02/2021
137,Say,Somerfield,ssomerfield3s@chronoengine.com,11/11/2020
138,Karyl,Rikel,krikel3t@howstuffworks.com,12/11/2020
139,Seana,Blackboro,sblackboro3u@angelfire.com,20/08/2020
140,Celine,Barenskie,cbarenskie3v@clickbank.net,05/04/2021
141,Pepillo,Bertome,pbertome3w@ocn.ne.jp,08/07/2020
142,Atalanta,Longmore,alongmore3x@wiley.com,01/11/2020
143,Ferrell,Bayles,fbayles3y@marriott.com,04/04/2021
144,Inglebert,Uebel,iuebel3z@wikispaces.com,26/06/2020
145,Harold,Wolland,hwolland40@state.tx.us,10/05/2020
146,Vinny,Kunz,vkunz41@surveymonkey.com,14/08/2020
147,Adair,Tanfield,atanfield42@jigsy.com,09/08/2020
148,Shae,Rawkesby,srawkesby43@hhs.gov,21/07/2020
149,Vale,Pesselt,vpesselt44@guardian.co.uk,27/06/2020
150,Jaquenetta,Cussins,jcussins45@creativecommons.org,29/11/2020
151,Bonni,Ubsdale,bubsdale46@de.vu,19/05/2020
152,Fred,Perrett,fperrett47@nyu.edu,18/06/2020
153,Haskel,Soots,hsoots48@unblog.fr,30/03/2021
154,Humfrid,Posthill,hposthill49@constantcontact.com,23/09/2020
155,Evonne,Gisburn,egisburn4a@yelp.com,13/02/2021
156,Thorin,Stains,tstains4b@squidoo.com,19/03/2021
157,Lissie,Guerreau,lguerreau4c@gravatar.com,01/03/2021
158,Erastus,McLucky,emclucky4d@java.com,16/07/2020
159,Terry,Pingston,tpingston4e@bizjournals.com,22/12/2020
160,Chelsie,Rideout,crideout4f@pcworld.com,04/10/2020
161,Cybil,Sample,csample4g@posterous.com,03/01/2021
162,Virgilio,Birtwell,vbirtwell4h@list-manage.com,28/06/2020
163,Christopher,Grgic,cgrgic4i@rambler.ru,15/11/2020
164,Ki,Tolefree,ktolefree4j@booking.com,23/07/2020
165,Guss,Winkless,gwinkless4k@hibu.com,31/12/2020
166,Harlene,Imason,himason4l@tumblr.com,14/11/2020
167,Rube,Shobrook,rshobrook4m@unblog.fr,28/04/2021
168,Feodor,Townrow,ftownrow4n@wikispaces.com,16/11/2020
169,Gustavus,Basham,gbasham4o@marriott.com,02/12/2020
170,Barret,Hartzogs,bhartzogs4p@123-reg.co.uk,11/03/2021
171,Nora,Hudghton,nhudghton4q@google.ru,30/10/2020
172,Arnoldo,Haydon,ahaydon4r@fda.gov,23/12/2020
173,Maura,Shadrach,mshadrach4s@nydailynews.com,15/06/2020
174,Griffin,Dominichelli,gdominichelli4t@ihg.com,06/08/2020
175,Darcee,Spinella,dspinella4u@census.gov,16/02/2021
176,Sonia,Bisterfeld,sbisterfeld4v@diigo.com,31/12/2020
177,Hally,Loades,hloades4w@cyberchimps.com,14/04/2021
178,Scot,Chadburn,schadburn4x@google.com.br,27/04/2021
179,Wait,Holbie,wholbie4y@jalbum.net,23/09/2020
180,Cobbie,Andreone,candreone4z@jugem.jp,30/11/2020
181,Nicolea,Chaize,nchaize50@sourceforge.net,01/12/2020
182,Horatio,Segar,hsegar51@google.co.jp,20/03/2021
183,Sargent,Verey,sverey52@weather.com,23/03/2021
184,Juliane,Bigly,jbigly53@sphinn.com,17/08/2020
185,Mano,Weaving,mweaving54@angelfire.com,23/08/2020
186,Clevey,Keep,ckeep55@kickstarter.com,05/06/2020
187,Issi,De Vere,idevere56@google.ca,23/05/2020
188,Chev,Redolfi,credolfi57@google.ca,20/05/2020
189,Jenelle,Robel,jrobel58@cisco.com,04/02/2021
190,Simon,Allon,sallon59@github.com,03/10/2020
191,Oran,Guilloneau,oguilloneau5a@sciencedaily.com,11/11/2020
192,Bud,Care,bcare5b@dagondesign.com,20/05/2020
193,Colman,Masdin,cmasdin5c@scribd.com,20/09/2020
194,Fredi,Danieli,fdanieli5d@miibeian.gov.cn,13/12/2020
195,Carmel,Horrod,chorrod5e@seesaa.net,06/11/2020
196,Ellerey,Kennally,ekennally5f@fema.gov,23/10/2020
197,Carolina,Klasen,cklasen5g@stanford.edu,09/07/2020
198,Bax,Fairey,bfairey5h@tripod.com,28/02/2021
199,Annis,Roullier,aroullier5i@skyrock.com,07/04/2021
200,Elton,Pancast,epancast5j@digg.com,03/02/2021
201,Timmie,Chancelier,tchancelier5k@cargocollective.com,28/03/2021
202,Emeline,Aubrun,eaubrun5l@php.net,13/02/2021
203,Terence,Werner,twerner5m@hubpages.com,27/07/2020
204,Orazio,ffrench Beytagh,offrenchbeytagh5n@time.com,23/07/2020
205,Ferrell,Axston,faxston5o@paginegialle.it,08/06/2020
206,Joyce,Lockey,jlockey5p@msn.com,24/05/2020
207,Micaela,Berkelay,mberkelay5q@netlog.com,02/12/2020
208,Johnny,Castagne,jcastagne5r@simplemachines.org,19/02/2021
209,Camille,Blackall,cblackall5s@msu.edu,04/09/2020
210,Javier,Pettiford,jpettiford5t@smh.com.au,11/06/2020
211,Fabe,Fusedale,ffusedale5u@google.com.br,18/10/2020
212,Packston,Wyld,pwyld5v@amazon.co.uk,02/03/2021
213,Alex,Besset,abesset5w@wordpress.com,04/07/2020
214,Tristam,Deesly,tdeesly5x@storify.com,05/12/2020
215,Lu,Youd,lyoud5y@unblog.fr,20/05/2020
216,Efren,Condon,econdon5z@earthlink.net,06/04/2021
217,Jasun,Dutnall,jdutnall60@yolasite.com,30/08/2020
218,Wye,Lory,wlory61@blogs.com,01/01/2021
219,Zebadiah,Brand-Hardy,zbrandhardy62@fema.gov,10/12/2020
220,Ambrosius,Bowhey,abowhey63@sciencedaily.com,10/02/2021
221,Danna,Simonou,dsimonou64@homestead.com,14/11/2020
222,Cedric,Jodlkowski,cjodlkowski65@slashdot.org,07/02/2021
223,Bennie,Coucher,bcoucher66@e-recht24.de,22/11/2020
224,Vassili,Callingham,vcallingham67@cyberchimps.com,19/08/2020
225,Pyotr,Branno,pbranno68@cpanel.net,31/01/2021
226,Guss,Quimby,gquimby69@theglobeandmail.com,09/07/2020
227,Allyn,Gammade,agammade6a@wp.com,27/09/2020
228,Hermia,Asplen,hasplen6b@reuters.com,30/05/2020
229,Shell,Portam,sportam6c@patch.com,25/04/2021
230,Allyson,Raggles,araggles6d@smugmug.com,02/11/2020
231,Kaitlyn,Gouldstone,kgouldstone6e@yellowbook.com,12/02/2021
232,Harwilll,Ginsie,hginsie6f@example.com,21/04/2021
233,Devlin,Benne,dbenne6g@oaic.gov.au,19/03/2021
234,Selia,Ladyman,sladyman6h@github.io,17/02/2021
235,Glenna,Dickens,gdickens6i@ning.com,26/06/2020
236,Camilla,Reide,creide6j@opera.com,23/05/2020
237,Meaghan,Adnams,madnams6k@china.com.cn,05/07/2020
238,Tore,Baistow,tbaistow6l@gov.uk,17/07/2020
239,Sid,Kedslie,skedslie6m@sphinn.com,24/04/2021
240,Darryl,Hundal,dhundal6n@ocn.ne.jp,24/11/2020
241,Celinda,Tape,ctape6o@homestead.com,02/10/2020
242,York,Bernat,ybernat6p@example.com,19/03/2021
243,Isidor,Garshore,igarshore6q@a8.net,05/12/2020
244,Jeremiah,Easlea,jeaslea6r@linkedin.com,22/09/2020
245,Goldina,Bondar,gbondar6s@umn.edu,11/10/2020
246,Lizzie,Novill,lnovill6t@gizmodo.com,06/11/2020
247,Lucian,McGeachie,lmcgeachie6u@scientificamerican.com,14/12/2020
248,Viv,Sanford,vsanford6v@nyu.edu,08/08/2020
249,Nara,Brager,nbrager6w@berkeley.edu,21/08/2020
250,Garner,Adam,gadam6x@blogs.com,24/10/2020
251,Stewart,Baudrey,sbaudrey6y@google.ru,10/05/2020
252,Dieter,Seckington,dseckington6z@altervista.org,15/05/2020
253,Parrnell,Garfit,pgarfit70@posterous.com,12/02/2021
254,Inger,Rimmington,irimmington71@chronoengine.com,27/09/2020
255,Daphene,Gunning,dgunning72@harvard.edu,01/08/2020
256,Shalom,Gentile,sgentile73@netlog.com,13/05/2020
257,Amie,Tate,atate74@youtu.be,15/03/2021
258,Rouvin,Moverley,rmoverley75@irs.gov,20/07/2020
259,Maddy,Prichard,mprichard76@printfriendly.com,08/09/2020
260,Virgie,Shipp,vshipp77@ask.com,13/10/2020
261,Krystalle,Charer,kcharer78@miitbeian.gov.cn,28/05/2020
262,Alexina,Cadamy,acadamy79@washington.edu,22/04/2021
263,Risa,Manolov,rmanolov7a@bbc.co.uk,22/07/2020
264,Mada,Rickaby,mrickaby7b@epa.gov,07/01/2021
265,Howard,Millward,hmillward7c@facebook.com,13/07/2020
266,Bridget,Pester,bpester7d@buzzfeed.com,03/10/2020
267,Frances,Capponer,fcapponer7e@bing.com,08/04/2021
268,Arron,Locket,alocket7f@xing.com,08/11/2020
269,Cash,De Mitri,cdemitri7g@census.gov,18/11/2020
270,Maureen,Pigott,mpigott7h@auda.org.au,08/08/2020
271,Lauritz,Ox,lox7i@edublogs.org,31/03/2021
272,Gabriele,Sambath,gsambath7j@businessinsider.com,16/09/2020
273,Rorie,Dornan,rdornan7k@google.com.au,26/06/2020
274,Leif,Nerval,lnerval7l@phpbb.com,30/09/2020
275,Zacharie,Shales,zshales7m@spiegel.de,06/01/2021
276,Farley,Scowcroft,fscowcroft7n@wikispaces.com,30/10/2020
277,Bronson,Blackborough,bblackborough7o@simplemachines.org,26/09/2020
278,Tawsha,Odam,todam7p@state.gov,23/06/2020
279,Dagmar,Whate,dwhate7q@berkeley.edu,30/08/2020
280,Angy,Ackenson,aackenson7r@chicagotribune.com,17/07/2020
281,Miriam,Duesbury,mduesbury7s@apple.com,02/10/2020
282,Patricia,Smithers,psmithers7t@msn.com,03/01/2021
283,Katya,Dalgety,kdalgety7u@plala.or.jp,06/01/2021
284,Kitty,Raecroft,kraecroft7v@tinyurl.com,12/10/2020
285,Enriqueta,Sumsion,esumsion7w@elpais.com,13/11/2020
286,Foster,Braizier,fbraizier7x@apple.com,07/04/2021
287,Micheal,Barme,mbarme7y@senate.gov,02/01/2021
288,Abagael,Flemming,aflemming7z@miibeian.gov.cn,19/09/2020
289,Inez,Cridlan,icridlan80@buzzfeed.com,04/05/2020
290,Sada,Gaitskill,sgaitskill81@hp.com,23/11/2020
291,Wiatt,Werrilow,wwerrilow82@dedecms.com,02/06/2020
292,Seward,Castlake,scastlake83@uiuc.edu,20/06/2020
293,Eleni,Arber,earber84@google.co.uk,27/04/2021
294,Bo,Swiggs,bswiggs85@howstuffworks.com,15/09/2020
295,Carmon,Shurrock,cshurrock86@etsy.com,21/01/2021
296,Stella,Orcas,sorcas87@techcrunch.com,04/01/2021
297,Joya,Bastistini,jbastistini88@yahoo.co.jp,08/12/2020
298,North,Brumhead,nbrumhead89@pbs.org,17/09/2020
299,Leanor,Callendar,lcallendar8a@microsoft.com,14/09/2020
300,Yolanda,Janouch,yjanouch8b@aboutads.info,17/05/2020
301,Melamie,Lannon,mlannon8c@dropbox.com,05/04/2021
302,Brigida,Bathow,bbathow8d@bbc.co.uk,31/10/2020
303,Tatiana,Coleman,tcoleman8e@intel.com,07/07/2020
304,Carlota,Sanbrooke,csanbrooke8f@hud.gov,28/05/2020
305,Brittaney,Boyson,bboyson8g@guardian.co.uk,17/04/2021
306,Konstantin,Grushin,kgrushin8h@wisc.edu,03/04/2021
307,Elena,Lukesch,elukesch8i@earthlink.net,18/04/2021
308,Sibel,Gelardi,sgelardi8j@bloomberg.com,07/01/2021
309,Rosana,Bodleigh,rbodleigh8k@csmonitor.com,12/07/2020
310,Adrea,MacTrustram,amactrustram8l@gizmodo.com,05/07/2020
311,Collie,McLanachan,cmclanachan8m@1688.com,27/09/2020
312,Gwyn,Jacobovitz,gjacobovitz8n@bigcartel.com,27/12/2020
313,Rudolph,Degue,rdegue8o@ustream.tv,28/05/2020
314,Modestine,Perigo,mperigo8p@jugem.jp,30/09/2020
315,Rheba,Parrett,rparrett8q@list-manage.com,06/04/2021
316,Mata,Godbald,mgodbald8r@ycombinator.com,28/10/2020
317,Nicolea,Cathersides,ncathersides8s@ox.ac.uk,15/05/2020
318,Aguste,Dadge,adadge8t@list-manage.com,07/12/2020
319,Ephraim,Groomebridge,egroomebridge8u@geocities.com,25/03/2021
320,Chickie,Buckley,cbuckley8v@usa.gov,06/11/2020
321,Darryl,Ochterlony,dochterlony8w@cdbaby.com,19/10/2020
322,Tristan,Murton,tmurton8x@liveinternet.ru,28/06/2020
323,Gavan,Crafts,gcrafts8y@bbb.org,14/11/2020
324,Rosaline,Castanos,rcastanos8z@walmart.com,09/04/2021
325,Freemon,Wehnerr,fwehnerr90@chron.com,21/12/2020
326,Kimmy,Mattson,kmattson91@indiatimes.com,14/04/2021
327,Novelia,Brushneen,nbrushneen92@comsenz.com,19/07/2020
328,Eal,Cahalan,ecahalan93@t-online.de,25/08/2020
329,Jerald,Moretto,jmoretto94@hud.gov,05/12/2020
330,Emogene,Pavlenkov,epavlenkov95@rakuten.co.jp,30/10/2020
331,Wynn,D'Alesco,wdalesco96@sogou.com,09/09/2020
332,Bowie,Halfpenny,bhalfpenny97@naver.com,10/07/2020
333,Dominick,Palle,dpalle98@stanford.edu,05/11/2020
334,Ethelin,Thor,ethor99@kickstarter.com,23/06/2020
335,Marcellus,Gentric,mgentric9a@i2i.jp,27/09/2020
336,Nonie,Wycliff,nwycliff9b@pen.io,22/10/2020
337,Wendie,Chaise,wchaise9c@usa.gov,10/09/2020
338,Jermaine,Milroy,jmilroy9d@linkedin.com,02/08/2020
339,Emilio,Luard,eluard9e@cmu.edu,11/10/2020
340,Tiler,Chasmoor,tchasmoor9f@pcworld.com,25/02/2021
341,Rusty,Coy,rcoy9g@harvard.edu,29/09/2020
342,Micheil,Marmon,mmarmon9h@a8.net,03/11/2020
343,Jacquenetta,Gaggen,jgaggen9i@buzzfeed.com,23/04/2021
344,Kahaleel,Iacabucci,kiacabucci9j@globo.com,22/02/2021
345,Gustavus,Whight,gwhight9k@chron.com,21/06/2020
346,Elsworth,Fair,efair9l@fastcompany.com,11/06/2020
347,Gusti,Smidmoor,gsmidmoor9m@accuweather.com,21/01/2021
348,Carma,Noe,cnoe9n@ucsd.edu,09/01/2021
349,Quintina,Stolle,qstolle9o@hao123.com,01/08/2020
350,Farand,Oliveti,foliveti9p@sakura.ne.jp,10/02/2021